mutation,asset_id,uploaded_local
Albino,124397454707477,2026-10-03T07:43:47
Albino,120418248846490,2026-10-03T07:43:29
Albino,136062382866457,2026-10-03T07:37:50
Albino,124745122062326,2026-10-03T07:39:00
Albino,138243319603841,2026-10-03T07:43:05
Albino,81774696355812,2026-10-03T07:42:45
Albino,73340882816714,2026-10-03T07:40:53
Albino,116506693444355,2026-10-03T07:41:46
Albino,135829733904925,2026-10-03T07:40:50
Albino,93568074823224,2026-10-03T07:39:30
Albino,114267203433529,2026-10-03T07:43:51
Albino,128179279189885,2026-10-03T07:44:13
Albino,123318683532185,2026-10-03T07:37:53
Albino,119609010202842,2026-10-03T07:42:00
Albino,75622015309742,2026-10-03T07:43:45
Albino,74558262706649,2026-10-03T07:42:30
Albino,120895692134908,2026-10-03T07:37:54
Albino,136941323441520,2026-10-03T07:39:16
Albino,110270593811470,2026-10-03T07:42:29
Albino,126377776345708,2026-10-03T07:38:53
Albino,86154613329653,2026-10-03T07:44:13
Albino,74424702659677,2026-10-03T07:38:37
Albino,90355943430339,2026-10-03T07:42:47
Albino,126620582912133,2026-10-03T07:40:39
Albino,82821119826116,2026-10-03T07:41:05
Albino,112868885184328,2026-10-03T07:42:55
Albino,96579326695760,2026-10-03T07:37:48
Albino,128164859643961,2026-10-03T07:40:02
Albino,98135840157458,2026-10-03T07:42:31
Albino,105146717669005,2026-10-03T07:37:55
Albino,137194016357896,2026-10-03T07:43:32
Albino,134835986876627,2026-10-03T07:40:34
Albino,83830346891180,2026-10-03T07:37:50
Albino,106877363398653,2026-10-03T07:37:49
Albino,107429482236154,2026-10-03T07:43:32
Albino,129123873308891,2026-10-03T07:40:06
Albino,96656568650771,2026-10-03T07:42:06
Albino,70606810399269,2026-10-03T07:41:35
Albino,88431397396201,2026-10-03T07:44:11
Albino,94874388685374,2026-10-03T07:40:23
Albino,139336249879747,2026-10-03T07:42:07
Albino,84544848263188,2026-10-03T07:39:45
Albino,117418334432183,2026-10-03T07:41:17
Albino,140191937278830,2026-10-03T07:38:47
Albino,116168240573494,2026-10-03T07:43:14
Albino,129822992398755,2026-10-03T07:40:16
Albino,71603531343543,2026-10-03T07:38:49
Albino,128232776337980,2026-10-03T07:40:52
Albino,71572492076965,2026-10-03T07:39:14
Albino,71699687265826,2026-10-03T07:43:06
Albino,72236522003931,2026-10-03T07:37:47
Albino,72559043074233,2026-10-03T07:37:54
Albino,89876795382099,2026-10-03T07:39:57
Albino,96354563687687,2026-10-03T07:38:55
Albino,90854683444566,2026-10-03T07:37:57
Albino,73032643029691,2026-10-03T07:42:18
Albino,73274033640441,2026-10-03T07:37:47
Albino,73820136255158,2026-10-03T07:44:37
Albino,114891982937762,2026-10-03T07:40:48
Albino,126665835487630,2026-10-03T07:39:23
Albino,131949217485566,2026-10-03T07:40:58
Albino,140263568798563,2026-10-03T07:38:29
Albino,81021448911881,2026-10-03T07:41:30
Albino,103242808688946,2026-10-03T07:38:48
Albino,74202732413984,2026-10-03T07:37:55
Albino,74805880210267,2026-10-03T07:37:53
Albino,74846910841355,2026-10-03T07:37:46
Albino,133132250994678,2026-10-03T07:40:36
Albino,92753143099623,2026-10-03T07:37:52
Albino,121458352207710,2026-10-03T07:39:27
Albino,74930092485886,2026-10-03T07:37:57
Albino,125030817502854,2026-10-03T07:42:52
Albino,81028722048756,2026-10-03T07:43:37
Albino,75352033022136,2026-10-03T07:41:39
Albino,125157940598407,2026-10-03T07:44:21
Albino,93959886264074,2026-10-03T07:39:01
Albino,79436113595982,2026-10-03T07:39:35
Albino,114073343094831,2026-10-03T07:43:22
Albino,100258572985574,2026-10-03T07:37:50
Albino,94471938743215,2026-10-03T07:38:40
Albino,78709009816184,2026-10-03T07:40:38
Albino,131503072868411,2026-10-03T07:38:43
Albino,135394612385156,2026-10-03T07:41:56
Albino,139778844140834,2026-10-03T07:40:07
Albino,139164798265795,2026-10-03T07:37:55
Albino,79395756834456,2026-10-03T07:38:45
Albino,124857937758771,2026-10-03T07:41:33
Albino,84714021638859,2026-10-03T07:44:34
Albino,77734303046758,2026-10-03T07:40:49
Albino,80865043033717,2026-10-03T07:41:08
Albino,137273371832557,2026-10-03T07:43:46
Albino,79445026485885,2026-10-03T07:41:07
Albino,79491935251900,2026-10-03T07:44:29
Albino,94614207762233,2026-10-03T07:40:01
Albino,105014284109808,2026-10-03T07:41:47
Albino,116555974125647,2026-10-03T07:37:47
Albino,108310156889879,2026-10-03T07:37:52
Albino,126479484442654,2026-10-03T07:38:15
Albino,84962677582365,2026-10-03T07:40:49
Albino,80149068950340,2026-10-03T07:43:54
Albino,80666001308550,2026-10-03T07:40:12
Albino,105109893107417,2026-10-03T07:39:54
Albino,94148726963699,2026-10-03T07:37:49
Albino,97619151687797,2026-10-03T07:43:11
Albino,119740091517863,2026-10-03T07:41:24
Albino,81614304275714,2026-10-03T07:37:46
Albino,86704897622934,2026-10-03T07:38:43
Albino,110571863536918,2026-10-03T07:37:54
Albino,81787576632401,2026-10-03T07:37:54
Albino,81790775301233,2026-10-03T07:42:14
Albino,97490428729432,2026-10-03T07:37:59
Albino,82162805251428,2026-10-03T07:39:18
Albino,82468909584381,2026-10-03T07:37:57
Albino,84139283456747,2026-10-03T07:37:47
Albino,84409197647402,2026-10-03T07:40:28
Albino,100889942635443,2026-10-03T07:44:25
Albino,96698080495427,2026-10-03T07:40:40
Albino,79953026937255,2026-10-03T07:42:10
Albino,106119756889478,2026-10-03T07:41:32
Albino,137736473216665,2026-10-03T07:40:09
Albino,129605126150859,2026-10-03T07:38:30
Albino,85880635778429,2026-10-03T07:42:43
Albino,92645477230143,2026-10-03T07:43:58
Albino,112489799202894,2026-10-03T07:41:17
Albino,86904590070913,2026-10-03T07:44:04
Albino,114539154908569,2026-10-03T07:42:49
Albino,119234088925754,2026-10-03T07:37:51
Albino,86952345215461,2026-10-03T07:42:05
Albino,88799644728762,2026-10-03T07:41:42
Albino,108423751203125,2026-10-03T07:41:50
Albino,80809309567523,2026-10-03T07:37:47
Albino,104469141751285,2026-10-03T07:42:21
Albino,116724924723398,2026-10-03T07:37:54
Albino,121119569414668,2026-10-03T07:38:50
Albino,139682475710288,2026-10-03T07:37:50
Albino,104556545414150,2026-10-03T07:44:18
Albino,89626200063876,2026-10-03T07:40:04
Albino,123108687592796,2026-10-03T07:37:47
Albino,135864635380483,2026-10-03T07:38:36
Albino,133847390649728,2026-10-03T07:44:31
Albino,118641714036260,2026-10-03T07:42:23
Albino,128172011996201,2026-10-03T07:41:54
Albino,139130503363947,2026-10-03T07:37:50
Albino,132806490486332,2026-10-03T07:43:57
Albino,91808938130619,2026-10-03T07:37:47
Albino,129571125754365,2026-10-03T07:41:18
Albino,92247947396810,2026-10-03T07:44:03
Albino,93142771922280,2026-10-03T07:42:38
Albino,131042495278351,2026-10-03T07:40:17
Albino,90822286189329,2026-10-03T07:41:39
Albino,118015535978772,2026-10-03T07:42:42
Albino,93409109413359,2026-10-03T07:40:32
Albino,96619454287940,2026-10-03T07:38:23
Albino,139662982791166,2026-10-03T07:38:06
Albino,129546167970006,2026-10-03T07:42:37
Albino,76475149960619,2026-10-03T07:37:53
Albino,115908217157517,2026-10-03T07:41:57
Albino,106383282740509,2026-10-03T07:37:55
Albino,94143027789632,2026-10-03T07:37:51
Albino,116733422813775,2026-10-03T07:43:15
Albino,129431876011052,2026-10-03T07:37:53
Albino,113254723822590,2026-10-03T07:37:58
Albino,137738859504912,2026-10-03T07:40:10
Albino,106388732508786,2026-10-03T07:37:57
Albino,94734783668638,2026-10-03T07:43:06
Albino,103263281999357,2026-10-03T07:41:09
Albino,89472110265098,2026-10-03T07:41:00
Albino,78547437291183,2026-10-03T07:41:20
Albino,125462370186388,2026-10-03T07:37:49
Albino,79818629056785,2026-10-03T07:40:22
Albino,95367716980674,2026-10-03T07:39:53
Albino,129396867044185,2026-10-03T07:41:19
Albino,95585588034881,2026-10-03T07:37:53
Albino,72876906122735,2026-10-03T07:41:25
Albino,122537537753265,2026-10-03T07:40:32
Albino,132537394201779,2026-10-03T07:43:11
Albino,133202859763781,2026-10-03T07:42:40
Albino,97374679098146,2026-10-03T07:43:18
Albino,98953670673454,2026-10-03T07:39:35
Albino,122940691836914,2026-10-03T07:43:57
Albino,100528021602467,2026-10-03T07:44:25
Albino,101036111917672,2026-10-03T07:43:43
Albino,101128607840947,2026-10-03T07:40:08
Albino,101600735539796,2026-10-03T07:37:47
Albino,137049753924545,2026-10-03T07:42:35
Albino,118540120932076,2026-10-03T07:37:50
Albino,135780743219716,2026-10-03T07:37:49
Albino,89508446325511,2026-10-03T07:38:47
Albino,108841199583877,2026-10-03T07:37:49
Albino,132365379441155,2026-10-03T07:37:53
Albino,116066034310930,2026-10-03T07:37:52
Albino,136231197553393,2026-10-03T07:43:56
Albino,104538932645108,2026-10-03T07:42:24
Albino,99517183362450,2026-10-03T07:38:47
Albino,128091855346337,2026-10-03T07:37:55
Albino,85551637622721,2026-10-03T07:37:54
Albino,138447023906679,2026-10-03T07:44:23
Albino,133476680934719,2026-10-03T07:38:51
Albino,106368832441837,2026-10-03T07:41:51
Albino,113335806333610,2026-10-03T07:42:05
Albino,113642266794479,2026-10-03T07:37:57
Albino,110954909663887,2026-10-03T07:42:32
Albino,123248814787553,2026-10-03T07:43:27
Albino,109533001362544,2026-10-03T07:39:03
Albino,114481143540501,2026-10-03T07:37:48
Albino,127930230571684,2026-10-03T07:44:08
Albino,89034053758200,2026-10-03T07:42:13
Albino,109341501771944,2026-10-03T07:38:20
Albino,134180780903234,2026-10-03T07:41:32
Albino,131318817466260,2026-10-03T07:44:23
Albino,129306768854809,2026-10-03T07:38:11
Albino,109958199133919,2026-10-03T07:37:52
Albino,125106480097032,2026-10-03T07:42:58
Albino,139072056485350,2026-10-03T07:38:58
Albino,107105832052030,2026-10-03T07:37:55
Albino,136274173800121,2026-10-03T07:43:50
Albino,86066243707749,2026-10-03T07:40:24
Albino,112210107449480,2026-10-03T07:44:19
Albino,93178463760542,2026-10-03T07:37:50
Albino,130731529792485,2026-10-03T07:37:47
Albino,135327327685150,2026-10-03T07:44:01
Albino,114570718937139,2026-10-03T07:38:33
Albino,115313861715262,2026-10-03T07:41:18
Albino,117810960530151,2026-10-03T07:37:53
Albino,129086006238281,2026-10-03T07:38:46
Albino,140495186091848,2026-10-03T07:44:25
Albino,85841974199774,2026-10-03T07:43:03
Albino,120592829986538,2026-10-03T07:37:50
Albino,122077490248840,2026-10-03T07:43:35
Albino,106063680284478,2026-10-03T07:43:19
Albino,135423739520699,2026-10-03T07:41:47
Albino,138228607083530,2026-10-03T07:37:55
Albino,133124966394591,2026-10-03T07:43:09
Albino,127777935977132,2026-10-03T07:40:25
Melanistic,104953747539834,2026-10-03T07:40:36
Melanistic,90661528817678,2026-10-03T07:38:01
Melanistic,75071262077970,2026-10-03T07:38:53
Melanistic,75853315660596,2026-10-03T07:37:54
Melanistic,76455404368285,2026-10-03T07:38:00
Melanistic,78487949464270,2026-10-03T07:42:42
Melanistic,104286230536545,2026-10-03T07:43:33
Melanistic,123219214365307,2026-10-03T07:39:20
Melanistic,79327984367603,2026-10-03T07:39:32
Melanistic,102639436248374,2026-10-03T07:38:20
Melanistic,139967115084333,2026-10-03T07:39:41
Melanistic,82284026870613,2026-10-03T07:37:47
Melanistic,124576061383479,2026-10-03T07:42:57
Melanistic,92536645473135,2026-10-03T07:37:54
Melanistic,83921555667620,2026-10-03T07:44:32
Melanistic,85773901223688,2026-10-03T07:41:51
Melanistic,92405908857289,2026-10-03T07:44:38
Melanistic,91409837029826,2026-10-03T07:44:00
Melanistic,107714681093001,2026-10-03T07:44:14
Melanistic,80598465576070,2026-10-03T07:43:49
Melanistic,111844862157552,2026-10-03T07:39:05
Melanistic,123977986783080,2026-10-03T07:43:38
Melanistic,110225167164611,2026-10-03T07:41:58
Melanistic,90146123361895,2026-10-03T07:40:15
Melanistic,90567789391743,2026-10-03T07:39:06
Melanistic,126203708203626,2026-10-03T07:42:32
Melanistic,85345853397155,2026-10-03T07:37:53
Melanistic,101542992977141,2026-10-03T07:37:55
Melanistic,122920721471977,2026-10-03T07:42:24
Melanistic,120710903187091,2026-10-03T07:43:08
Melanistic,88303221235385,2026-10-03T07:41:34
Melanistic,113549720877901,2026-10-03T07:40:55
Melanistic,122403922537729,2026-10-03T07:42:08
Melanistic,137081681255339,2026-10-03T07:43:16
Melanistic,116942580287617,2026-10-03T07:39:19
Melanistic,89947746145097,2026-10-03T07:37:50
Melanistic,118151065771536,2026-10-03T07:44:26
Melanistic,85784306604105,2026-10-03T07:40:11
Melanistic,120163572186900,2026-10-03T07:41:22
Melanistic,114643838967933,2026-10-03T07:38:39
Melanistic,120593172752407,2026-10-03T07:42:14
Melanistic,109416392899565,2026-10-03T07:37:48
Melanistic,139366357094443,2026-10-03T07:41:19
Melanistic,113920942401117,2026-10-03T07:43:21
Melanistic,113241147954249,2026-10-03T07:37:59
Melanistic,133730671833202,2026-10-03T07:38:57
Melanistic,108280156224596,2026-10-03T07:38:07
Melanistic,129795528347741,2026-10-03T07:41:09
Melanistic,128711482484955,2026-10-03T07:37:53
Melanistic,108693246186961,2026-10-03T07:40:41
Melanistic,101759348593111,2026-10-03T07:37:48
Melanistic,94395152053574,2026-10-03T07:44:05
Melanistic,111770224340731,2026-10-03T07:42:50
Melanistic,111375499054538,2026-10-03T07:39:47
Melanistic,129856152767031,2026-10-03T07:40:00
Melanistic,114807242340927,2026-10-03T07:40:56
Melanistic,85062325334433,2026-10-03T07:40:25
Melanistic,94913434391364,2026-10-03T07:41:42
Piebald,127080948413551,2026-10-03T07:44:38
Piebald,137796122049763,2026-10-03T07:37:51
Piebald,104288255869023,2026-10-03T07:39:39
Piebald,133319458752484,2026-10-03T07:39:32
Piebald,75012088606903,2026-10-03T07:39:12
Piebald,126708740818984,2026-10-03T07:42:26
Piebald,108510681468376,2026-10-03T07:43:10
Piebald,96619142338680,2026-10-03T07:38:23
Piebald,84355108513311,2026-10-03T07:42:54
Piebald,113578306764073,2026-10-03T07:40:28
Piebald,90561771115465,2026-10-03T07:41:36
Piebald,81998969086004,2026-10-03T07:41:11
Piebald,121417218499868,2026-10-03T07:37:55
Piebald,75718706695162,2026-10-03T07:42:16
Piebald,76866537685802,2026-10-03T07:37:47
Piebald,80751450795526,2026-10-03T07:39:05
Piebald,79060950431120,2026-10-03T07:41:46
Piebald,99611618251744,2026-10-03T07:40:44
Piebald,114908433467584,2026-10-03T07:43:41
Piebald,83252376932763,2026-10-03T07:44:15
Piebald,79091350797239,2026-10-03T07:42:00
Piebald,110521821699960,2026-10-03T07:41:24
Piebald,106399639301720,2026-10-03T07:38:07
Piebald,81684407923564,2026-10-03T07:43:20
Piebald,72203272482081,2026-10-03T07:40:59
Piebald,126710955612443,2026-10-03T07:38:35
Piebald,83126283832353,2026-10-03T07:41:22
Piebald,84264306687114,2026-10-03T07:39:22
Piebald,80163528926124,2026-10-03T07:44:27
Piebald,128054489712091,2026-10-03T07:38:15
Piebald,83944798780981,2026-10-03T07:42:59
Piebald,103711316355027,2026-10-03T07:43:59
Piebald,115481448715153,2026-10-03T07:37:50
Piebald,86097211255420,2026-10-03T07:37:50
Piebald,94643085822760,2026-10-03T07:40:03
Piebald,129374088960064,2026-10-03T07:38:14
Piebald,90632917261001,2026-10-03T07:42:10
Piebald,137845567298098,2026-10-03T07:40:19
Piebald,90746251779529,2026-10-03T07:38:50
Piebald,100575162336252,2026-10-03T07:43:51
Piebald,106776960946006,2026-10-03T07:42:34
Piebald,131005736075726,2026-10-03T07:39:27
Piebald,93366318336536,2026-10-03T07:41:00
Piebald,103341380762218,2026-10-03T07:43:25
Piebald,94155783113469,2026-10-03T07:39:52
Piebald,137861492776793,2026-10-03T07:44:07
Piebald,87794231638272,2026-10-03T07:39:47
Piebald,139158506131367,2026-10-03T07:41:52
Piebald,95820266660265,2026-10-03T07:37:55
Piebald,115159024852414,2026-10-03T07:37:58
Piebald,96482185505962,2026-10-03T07:38:13
Piebald,120107350451318,2026-10-03T07:43:34
Piebald,133217946472493,2026-10-03T07:40:38
Piebald,100676450570836,2026-10-03T07:37:53
Piebald,126237554544239,2026-10-03T07:39:03
Piebald,83912732637366,2026-10-03T07:40:13
Piebald,90968308244946,2026-10-03T07:42:45
Chimera,129190948216539,2026-10-03T07:38:42
Chimera,106867162053088,2026-10-03T07:43:44
Chimera,85947817373179,2026-10-03T07:44:09
Chimera,75188654990609,2026-10-03T07:44:19
Chimera,99187719477410,2026-10-03T07:39:50
Chimera,86000446309039,2026-10-03T07:40:16
Chimera,118373986607506,2026-10-03T07:43:52
Chimera,100602262398898,2026-10-03T07:41:25
Chimera,118957934979338,2026-10-03T07:42:15
Chimera,99926360734392,2026-10-03T07:37:59
Chimera,74390031197406,2026-10-03T07:41:46
Chimera,82727524965614,2026-10-03T07:40:41
Chimera,138280881388821,2026-10-03T07:38:25
Chimera,118340219370996,2026-10-03T07:42:02
Chimera,113056157081522,2026-10-03T07:38:10
Chimera,93883566895664,2026-10-03T07:41:01
Chimera,102914079108564,2026-10-03T07:39:29
Chimera,75193206956409,2026-10-03T07:41:28
Chimera,79357952471749,2026-10-03T07:40:21
Chimera,81277771134321,2026-10-03T07:42:29
Chimera,84739040638074,2026-10-03T07:44:29
Chimera,115024864970808,2026-10-03T07:42:37
Chimera,86202578699431,2026-10-03T07:37:48
Chimera,86696396466522,2026-10-03T07:41:12
Chimera,90197530409289,2026-10-03T07:38:24
Chimera,91109220176415,2026-10-03T07:39:19
Chimera,91702327050536,2026-10-03T07:37:59
Chimera,93098425750367,2026-10-03T07:43:37
Chimera,95203126958622,2026-10-03T07:39:13
Chimera,128761388102573,2026-10-03T07:38:39
Chimera,94688153031564,2026-10-03T07:38:55
Chimera,104121337839384,2026-10-03T07:38:27
Chimera,96231851736041,2026-10-03T07:40:46
Chimera,129213147153235,2026-10-03T07:37:51
Chimera,115536737565133,2026-10-03T07:43:25
Chimera,94979959099183,2026-10-03T07:43:02
Chimera,101102991337480,2026-10-03T07:42:47
Chimera,138555460899875,2026-10-03T07:40:29
Chimera,127371397086339,2026-10-03T07:40:05
Chimera,137748811418908,2026-10-03T07:39:46
Chimera,96267694900548,2026-10-03T07:37:51
Chimera,102981255590673,2026-10-03T07:44:39
Chimera,100508253445894,2026-10-03T07:39:37
Chimera,127410702343595,2026-10-03T07:44:04
Chimera,74842756481521,2026-10-03T07:38:23
Chimera,124215563112020,2026-10-03T07:42:59
Chimera,107755491425091,2026-10-03T07:41:04
Chimera,126256957390603,2026-10-03T07:39:11
Chimera,103646675135291,2026-10-03T07:43:29
Chimera,124217908046460,2026-10-03T07:43:11
Chimera,133956767079771,2026-10-03T07:41:39
Chimera,120740501726840,2026-10-03T07:42:19
Chimera,104308459760478,2026-10-03T07:39:55
Chimera,107208711706722,2026-10-03T07:37:56
Chimera,127348536564626,2026-10-03T07:41:54
Chimera,112062929826682,2026-10-03T07:37:54
Chimera,113764689140967,2026-10-03T07:39:37
Iridescent,110250610612141,2026-10-03T07:39:58
Iridescent,122359383564481,2026-10-03T07:38:02
Iridescent,135458057181961,2026-10-03T07:43:47
Iridescent,139747737554242,2026-10-03T07:39:43
Iridescent,139100413655085,2026-10-03T07:43:01
Iridescent,115114539324787,2026-10-03T07:38:17
Iridescent,121581539209942,2026-10-03T07:40:20
Iridescent,134377605852123,2026-10-03T07:39:46
Iridescent,125364119852197,2026-10-03T07:38:19
Iridescent,97861695789237,2026-10-03T07:39:18
Iridescent,135392120115759,2026-10-03T07:39:50
Iridescent,135124499558252,2026-10-03T07:43:54
Iridescent,140014451632065,2026-10-03T07:42:20
Iridescent,140192659654863,2026-10-03T07:39:32
Iridescent,72898373819908,2026-10-03T07:39:55
Iridescent,82926354589439,2026-10-03T07:40:45
Iridescent,107848907824244,2026-10-03T07:41:42
Iridescent,70818981264856,2026-10-03T07:42:38
Iridescent,73398348986521,2026-10-03T07:41:06
Iridescent,84579891828006,2026-10-03T07:38:16
Iridescent,133399845792578,2026-10-03T07:39:34
Iridescent,73848403081162,2026-10-03T07:38:38
Iridescent,92306378847755,2026-10-03T07:44:05
Iridescent,119508245302442,2026-10-03T07:43:27
Iridescent,112061266225367,2026-10-03T07:42:19
Iridescent,102198977747630,2026-10-03T07:43:03
Iridescent,127892873582352,2026-10-03T07:39:24
Iridescent,75312025001731,2026-10-03T07:37:53
Iridescent,77535635524253,2026-10-03T07:41:56
Iridescent,85287800498282,2026-10-03T07:40:48
Iridescent,112714534555252,2026-10-03T07:37:49
Iridescent,98474049120264,2026-10-03T07:44:33
Iridescent,125725383506499,2026-10-03T07:41:30
Iridescent,82607752326579,2026-10-03T07:42:49
Iridescent,89503032576282,2026-10-03T07:41:29
Iridescent,82734014430117,2026-10-03T07:40:06
Iridescent,88803483278420,2026-10-03T07:39:01
Iridescent,85127104948912,2026-10-03T07:37:55
Iridescent,85146304991308,2026-10-03T07:42:29
Iridescent,93168226364104,2026-10-03T07:44:11
Iridescent,129660262969987,2026-10-03T07:41:04
Iridescent,137083532643672,2026-10-03T07:42:05
Iridescent,138338322983923,2026-10-03T07:38:59
Iridescent,115041734298897,2026-10-03T07:38:45
Iridescent,93328007424562,2026-10-03T07:44:21
Iridescent,79989696284739,2026-10-03T07:43:29
Iridescent,114366654528250,2026-10-03T07:43:39
Iridescent,94633753878430,2026-10-03T07:41:15
Iridescent,128307187237681,2026-10-03T07:43:14
Iridescent,93869575741852,2026-10-03T07:39:43
Iridescent,95203786046809,2026-10-03T07:38:37
Iridescent,100149356951166,2026-10-03T07:41:49
Iridescent,104559304145487,2026-10-03T07:38:33
Iridescent,117200439234795,2026-10-03T07:40:23
Iridescent,79326344063585,2026-10-03T07:40:33
Iridescent,128990208738387,2026-10-03T07:37:53
